용도지역,area_m2,비율(%)
준주거지역,702097.382140147,95.0
자연녹지지역,21703.576348821585,2.9
도로·하천,13659.774189943417,1.8
보전녹지지역,1349.6923392746883,0.2
